,model,feats,body_part,interp,emotion,fold,epoch,p,p_std,r,r_std,f,f_std,acc,acc_std
0,JointBiLSTM,brute,full,True,anger,0,1,0.31844660194174756,,0.2411764705882353,,0.2744769874476987,,[0.711],
1,JointBiLSTM,brute,full,True,anger,1,1,0.0,,0.0,,0.0,,[0.80866667],
2,JointBiLSTM,brute,full,True,anger,average,1,0.15922330097087378,0.15922330097087378,0.12058823529411765,0.12058823529411765,0.13723849372384936,0.13723849372384936,0.7598333333333334,0.04883333333333334
